name,kind,latitude,longitude,teuPerDay,floorArea,population,capacity,cover,from,mix,leadDays,makes
Hoskote dairy,supplier,13.0707,77.7980,20,,,,,,Chilled:100,Chilled:0.5,
Doddaballapur dairy,supplier,13.2920,77.5380,5,,,,,,Chilled:100,,30
Bidadi foods,supplier,12.7970,77.3840,75,,,,,,Ambient:80|Frozen:20,,
Nelamangala DC,warehouse,13.0990,77.3930,,,,,,Hoskote dairy|Doddaballapur dairy|Bidadi foods,,,
Bommasandra DC,warehouse,12.8160,77.6910,,,,,,Hoskote dairy|Bidadi foods,,,
Malleshwaram store,store,13.0031,77.5643,8,,,,,Nelamangala DC,,,
Yelahanka store,store,13.1007,77.5963,7,,,,,Nelamangala DC,,,
Rajajinagar store,store,12.9915,77.5545,8,,,,,Nelamangala DC,,,
Hebbal store,store,13.0358,77.5970,9,,,,,Nelamangala DC,,,
Banashankari store,store,12.9255,77.5468,7,,,,,Nelamangala DC,,,
Indiranagar store,store,12.9719,77.6412,10,,,,,Bommasandra DC,,,
Koramangala store,store,12.9352,77.6245,10,,,,,Bommasandra DC,,,
Jayanagar store,store,12.9308,77.5838,8,,,,,Bommasandra DC,,,
Whitefield store,store,12.9698,77.7500,9,,,,,Bommasandra DC,,,
HSR Layout store,store,12.9116,77.6474,8,,,,,Bommasandra DC,,,
Marathahalli store,store,12.9591,77.6974,7,,,,,Bommasandra DC,,,
Electronic City store,store,12.8452,77.6602,6,,,,,Bommasandra DC,,,
MG Road dark store,dark store,12.9756,77.6050,4,,,,,Bommasandra DC,,,
